{
    "$schema": "https://schema.management.azure.com/schemas/2015-01-01/deploymentTemplate.json#",
    "contentVersion": "1.0.0.0",
    "parameters": {
        "sites_BedeGo_name": {
            "defaultValue": "BedeGo",
            "type": "String"
        },
        "servers_bedego_name": {
            "defaultValue": "bedego",
            "type": "String"
        },
        "components_BedeGo_name": {
            "defaultValue": "BedeGo",
            "type": "String"
        },
        "config_web_name": {
            "defaultValue": "web",
            "type": "String"
        },
        "databases_BedeGo_name": {
            "defaultValue": "BedeGo",
            "type": "String"
        },
        "databases_master_name": {
            "defaultValue": "master",
            "type": "String"
        },
        "firewallRules_DanL_name": {
            "defaultValue": "DanL",
            "type": "String"
        },
        "keys_ServiceManaged_name": {
            "defaultValue": "ServiceManaged",
            "type": "String"
        },
        "auditingPolicies_Default_name": {
            "defaultValue": "Default",
            "type": "String"
        },
        "serverfarms_BedeGoHost20171207101701Plan_name": {
            "defaultValue": "BedeGoHost20171207101701Plan",
            "type": "String"
        },
        "encryptionProtector_current_name": {
            "defaultValue": "current",
            "type": "String"
        },
        "advisors_DropIndex_name": {
            "defaultValue": "DropIndex",
            "type": "String"
        },
        "firewallRules_AllowAllWindowsAzureIps_name": {
            "defaultValue": "AllowAllWindowsAzureIps",
            "type": "String"
        },
        "advisors_CreateIndex_name": {
            "defaultValue": "CreateIndex",
            "type": "String"
        },
        "advisors_SchemaIssue_name": {
            "defaultValue": "SchemaIssue",
            "type": "String"
        },
        "hostNameBindings_bedego.azurewebsites.net_name": {
            "defaultValue": "bedego.azurewebsites.net",
            "type": "String"
        },
        "auditingPolicies_Default_name_1": {
            "defaultValue": "Default",
            "type": "String"
        },
        "geoBackupPolicies_Default_name": {
            "defaultValue": "Default",
            "type": "String"
        },
        "advisors_ForceLastGoodPlan_name": {
            "defaultValue": "ForceLastGoodPlan",
            "type": "String"
        },
        "advisors_DbParameterization_name": {
            "defaultValue": "DbParameterization",
            "type": "String"
        },
        "backupLongTermRetentionVaults_RegisteredVault_name": {
            "defaultValue": "RegisteredVault",
            "type": "String"
        },
        "firewallRules_ClientIPAddress_2017_12_7_11_38_48_name": {
            "defaultValue": "ClientIPAddress_2017-12-7_11-38-48",
            "type": "String"
        },
        "transparentDataEncryption_current_name": {
            "defaultValue": "current",
            "type": "String"
        },
        "backupLongTermRetentionPolicies_Default_name": {
            "defaultValue": "Default",
            "type": "String"
        }
    },
    "variables": {},
    "resources": [
        {
            "comments": "Generalized from resource: '/subscriptions/fef489e0-efac-42a3-83a8-fad642039ac4/resourceGroups/BedeHackathon2017/providers/microsoft.insights/components/BedeGo'.",
            "type": "microsoft.insights/components",
            "kind": "web",
            "name": "[parameters('components_BedeGo_name')]",
            "apiVersion": "2014-04-01",
            "location": "westeurope",
            "tags": {
                "applicationType": "web",
                "hidden-link:/subscriptions/fef489e0-efac-42a3-83a8-fad642039ac4/resourceGroups/BedeHackathon2017/providers/Microsoft.Web/sites/BedeGo": "Resource"
            },
            "scale": null,
            "properties": {
                "ApplicationId": "[parameters('components_BedeGo_name')]"
            },
            "dependsOn": []
        },
        {
            "comments": "Generalized from resource: '/subscriptions/fef489e0-efac-42a3-83a8-fad642039ac4/resourceGroups/BedeHackathon2017/providers/Microsoft.Sql/servers/bedego'.",
            "type": "Microsoft.Sql/servers",
            "kind": "v12.0",
            "name": "[parameters('servers_bedego_name')]",
            "apiVersion": "2015-05-01-preview",
            "location": "westeurope",
            "scale": null,
            "properties": {
                "administratorLogin": "[concat(parameters('servers_bedego_name'),'BedeGoAdmin')]",
                "version": "12.0"
            },
            "dependsOn": []
        },
        {
            "comments": "Generalized from resource: '/subscriptions/fef489e0-efac-42a3-83a8-fad642039ac4/resourceGroups/BedeHackathon2017/providers/Microsoft.Web/serverfarms/BedeGoHost20171207101701Plan'.",
            "type": "Microsoft.Web/serverfarms",
            "sku": {
                "name": "S1",
                "tier": "Standard",
                "size": "S1",
                "family": "S",
                "capacity": 1
            },
            "kind": "app",
            "name": "[parameters('serverfarms_BedeGoHost20171207101701Plan_name')]",
            "apiVersion": "2016-09-01",
            "location": "Central US",
            "scale": null,
            "properties": {
                "name": "[parameters('serverfarms_BedeGoHost20171207101701Plan_name')]",
                "workerTierName": null,
                "adminSiteName": null,
                "hostingEnvironmentProfile": null,
                "perSiteScaling": false,
                "reserved": false,
                "targetWorkerCount": 0,
                "targetWorkerSizeId": 0
            },
            "dependsOn": []
        },
        {
            "comments": "Generalized from resource: '/subscriptions/fef489e0-efac-42a3-83a8-fad642039ac4/resourceGroups/BedeHackathon2017/providers/Microsoft.Web/sites/BedeGo'.",
            "type": "Microsoft.Web/sites",
            "kind": "api",
            "name": "[parameters('sites_BedeGo_name')]",
            "apiVersion": "2016-08-01",
            "location": "Central US",
            "tags": {
                "hidden-related:/subscriptions/fef489e0-efac-42a3-83a8-fad642039ac4/resourceGroups/BedeHackathon2017/providers/Microsoft.Web/serverfarms/BedeGoHost20171207101701Plan": "empty"
            },
            "scale": null,
            "properties": {
                "enabled": true,
                "hostNameSslStates": [
                    {
                        "name": "[concat(parameters('sites_BedeGo_name'),'bedego.azurewebsites.net')]",
                        "sslState": "Disabled",
                        "virtualIP": null,
                        "thumbprint": null,
                        "toUpdate": null,
                        "hostType": "Standard"
                    },
                    {
                        "name": "[concat(parameters('sites_BedeGo_name'),'bedego.scm.azurewebsites.net')]",
                        "sslState": "Disabled",
                        "virtualIP": null,
                        "thumbprint": null,
                        "toUpdate": null,
                        "hostType": "Repository"
                    }
                ],
                "serverFarmId": "[resourceId('Microsoft.Web/serverfarms', parameters('serverfarms_BedeGoHost20171207101701Plan_name'))]",
                "reserved": false,
                "siteConfig": null,
                "scmSiteAlsoStopped": false,
                "hostingEnvironmentProfile": null,
                "clientAffinityEnabled": true,
                "clientCertEnabled": false,
                "hostNamesDisabled": false,
                "containerSize": 0,
                "dailyMemoryTimeQuota": 0,
                "cloningInfo": null
            },
            "dependsOn": [
                "[resourceId('Microsoft.Web/serverfarms', parameters('serverfarms_BedeGoHost20171207101701Plan_name'))]"
            ]
        },
        {
            "comments": "Generalized from resource: '/subscriptions/fef489e0-efac-42a3-83a8-fad642039ac4/resourceGroups/BedeHackathon2017/providers/Microsoft.Sql/servers/bedego/auditingPolicies/Default'.",
            "type": "Microsoft.Sql/servers/auditingPolicies",
            "name": "[concat(parameters('servers_bedego_name'), '/', parameters('auditingPolicies_Default_name'))]",
            "apiVersion": "2014-04-01",
            "location": "West Europe",
            "scale": null,
            "properties": {
                "auditingState": "New",
                "eventTypesToAudit": "PlainSQL_Success,PlainSQL_Failure,ParameterizedSQL_Success,ParameterizedSQL_Failure,StoredProcedure_Success,StoredProcedure_Failure,Login_Success,Login_Failure,TransactionManagement_Success,TransactionManagement_Failure",
                "storageAccountName": null,
                "storageAccountKey": null,
                "storageAccountSecondaryKey": null,
                "storageTableEndpoint": null,
                "storageAccountResourceGroupName": null,
                "storageAccountSubscriptionId": null,
                "fullAuditLogsTableName": "SQLDBAuditLogsBedego",
                "auditLogsTableName": "Bedego",
                "retentionDays": "0"
            },
            "dependsOn": [
                "[resourceId('Microsoft.Sql/servers', parameters('servers_bedego_name'))]"
            ]
        },
        {
            "comments": "Generalized from resource: '/subscriptions/fef489e0-efac-42a3-83a8-fad642039ac4/resourceGroups/BedeHackathon2017/providers/Microsoft.Sql/servers/bedego/backupLongTermRetentionVaults/RegisteredVault'.",
            "type": "Microsoft.Sql/servers/backupLongTermRetentionVaults",
            "name": "[concat(parameters('servers_bedego_name'), '/', parameters('backupLongTermRetentionVaults_RegisteredVault_name'))]",
            "apiVersion": "2014-04-01",
            "location": "West Europe",
            "scale": null,
            "properties": {
                "recoveryServicesVaultResourceId": null
            },
            "dependsOn": [
                "[resourceId('Microsoft.Sql/servers', parameters('servers_bedego_name'))]"
            ]
        },
        {
            "comments": "Generalized from resource: '/subscriptions/fef489e0-efac-42a3-83a8-fad642039ac4/resourceGroups/BedeHackathon2017/providers/Microsoft.Sql/servers/bedego/databases/BedeGo'.",
            "type": "Microsoft.Sql/servers/databases",
            "kind": "v12.0,user",
            "name": "[concat(parameters('servers_bedego_name'), '/', parameters('databases_BedeGo_name'))]",
            "apiVersion": "2014-04-01-preview",
            "location": "West Europe",
            "scale": null,
            "properties": {
                "databaseId": "7325e5d6-6388-4c50-ad7c-e639d696ffeb",
                "edition": "Standard",
                "status": "Online",
                "serviceLevelObjective": "S0",
                "collation": "SQL_Latin1_General_CP1_CI_AS",
                "maxSizeBytes": "268435456000",
                "creationDate": "2017-12-08T10:58:23.993Z",
                "currentServiceObjectiveId": "f1173c43-91bd-4aaa-973c-54e79e15235b",
                "requestedServiceObjectiveId": "f1173c43-91bd-4aaa-973c-54e79e15235b",
                "requestedServiceObjectiveName": "S0",
                "sampleName": null,
                "defaultSecondaryLocation": "North Europe",
                "earliestRestoreDate": "2017-12-08T11:29:00.733Z",
                "elasticPoolName": null,
                "containmentState": 2,
                "readScale": "Disabled",
                "failoverGroupId": null,
                "zoneRedundant": false
            },
            "dependsOn": [
                "[resourceId('Microsoft.Sql/servers', parameters('servers_bedego_name'))]"
            ]
        },
        {
            "comments": "Generalized from resource: '/subscriptions/fef489e0-efac-42a3-83a8-fad642039ac4/resourceGroups/BedeHackathon2017/providers/Microsoft.Sql/servers/bedego/databases/master'.",
            "type": "Microsoft.Sql/servers/databases",
            "kind": "v12.0,system",
            "name": "[concat(parameters('servers_bedego_name'), '/', parameters('databases_master_name'))]",
            "apiVersion": "2014-04-01-preview",
            "location": "West Europe",
            "scale": null,
            "properties": {
                "databaseId": "3e876f49-47da-43c0-8770-ba885bd3ddd0",
                "edition": "System",
                "status": "Online",
                "serviceLevelObjective": "System0",
                "collation": "SQL_Latin1_General_CP1_CI_AS",
                "maxSizeBytes": "32212254720",
                "creationDate": "2017-12-07T11:18:23.147Z",
                "currentServiceObjectiveId": "29dd7459-4a7c-4e56-be22-f0adda49440d",
                "requestedServiceObjectiveId": "29dd7459-4a7c-4e56-be22-f0adda49440d",
                "requestedServiceObjectiveName": "System0",
                "sampleName": null,
                "defaultSecondaryLocation": "North Europe",
                "earliestRestoreDate": null,
                "elasticPoolName": null,
                "containmentState": 2,
                "readScale": "Disabled",
                "failoverGroupId": null,
                "zoneRedundant": false
            },
            "dependsOn": [
                "[resourceId('Microsoft.Sql/servers', parameters('servers_bedego_name'))]"
            ]
        },
        {
            "comments": "Generalized from resource: '/subscriptions/fef489e0-efac-42a3-83a8-fad642039ac4/resourceGroups/BedeHackathon2017/providers/Microsoft.Sql/servers/bedego/firewallRules/AllowAllWindowsAzureIps'.",
            "type": "Microsoft.Sql/servers/firewallRules",
            "kind": "v12.0",
            "name": "[concat(parameters('servers_bedego_name'), '/', parameters('firewallRules_AllowAllWindowsAzureIps_name'))]",
            "apiVersion": "2014-04-01-preview",
            "location": "West Europe",
            "scale": null,
            "properties": {
                "startIpAddress": "0.0.0.0",
                "endIpAddress": "0.0.0.0"
            },
            "dependsOn": [
                "[resourceId('Microsoft.Sql/servers', parameters('servers_bedego_name'))]"
            ]
        },
        {
            "comments": "Generalized from resource: '/subscriptions/fef489e0-efac-42a3-83a8-fad642039ac4/resourceGroups/BedeHackathon2017/providers/Microsoft.Sql/servers/bedego/firewallRules/ClientIPAddress_2017-12-7_11-38-48'.",
            "type": "Microsoft.Sql/servers/firewallRules",
            "kind": "v12.0",
            "name": "[concat(parameters('servers_bedego_name'), '/', parameters('firewallRules_ClientIPAddress_2017_12_7_11_38_48_name'))]",
            "apiVersion": "2014-04-01-preview",
            "location": "West Europe",
            "scale": null,
            "properties": {
                "startIpAddress": "5.22.139.178",
                "endIpAddress": "5.22.139.178"
            },
            "dependsOn": [
                "[resourceId('Microsoft.Sql/servers', parameters('servers_bedego_name'))]"
            ]
        },
        {
            "comments": "Generalized from resource: '/subscriptions/fef489e0-efac-42a3-83a8-fad642039ac4/resourceGroups/BedeHackathon2017/providers/Microsoft.Sql/servers/bedego/firewallRules/DanL'.",
            "type": "Microsoft.Sql/servers/firewallRules",
            "kind": "v12.0",
            "name": "[concat(parameters('servers_bedego_name'), '/', parameters('firewallRules_DanL_name'))]",
            "apiVersion": "2014-04-01-preview",
            "location": "West Europe",
            "scale": null,
            "properties": {
                "startIpAddress": "31.222.161.239",
                "endIpAddress": "31.222.161.239"
            },
            "dependsOn": [
                "[resourceId('Microsoft.Sql/servers', parameters('servers_bedego_name'))]"
            ]
        },
        {
            "comments": "Generalized from resource: '/subscriptions/fef489e0-efac-42a3-83a8-fad642039ac4/resourceGroups/BedeHackathon2017/providers/Microsoft.Sql/servers/bedego/encryptionProtector/current'.",
            "type": "Microsoft.Sql/servers/encryptionProtector",
            "kind": "servicemanaged",
            "name": "[concat(parameters('servers_bedego_name'), '/', parameters('encryptionProtector_current_name'))]",
            "apiVersion": "2015-05-01-preview",
            "scale": null,
            "properties": {
                "serverKeyName": "ServiceManaged",
                "serverKeyType": "ServiceManaged"
            },
            "dependsOn": [
                "[resourceId('Microsoft.Sql/servers', parameters('servers_bedego_name'))]"
            ]
        },
        {
            "comments": "Generalized from resource: '/subscriptions/fef489e0-efac-42a3-83a8-fad642039ac4/resourceGroups/BedeHackathon2017/providers/Microsoft.Sql/servers/bedego/keys/ServiceManaged'.",
            "type": "Microsoft.Sql/servers/keys",
            "kind": "servicemanaged",
            "name": "[concat(parameters('servers_bedego_name'), '/', parameters('keys_ServiceManaged_name'))]",
            "apiVersion": "2015-05-01-preview",
            "scale": null,
            "properties": {
                "serverKeyType": "[parameters('keys_ServiceManaged_name')]"
            },
            "dependsOn": [
                "[resourceId('Microsoft.Sql/servers', parameters('servers_bedego_name'))]"
            ]
        },
        {
            "comments": "Generalized from resource: '/subscriptions/fef489e0-efac-42a3-83a8-fad642039ac4/resourceGroups/BedeHackathon2017/providers/Microsoft.Sql/servers/bedego/databases/BedeGo/advisors/CreateIndex'.",
            "type": "Microsoft.Sql/servers/databases/advisors",
            "name": "[concat(parameters('servers_bedego_name'), '/', parameters('databases_BedeGo_name'), '/', parameters('advisors_CreateIndex_name'))]",
            "apiVersion": "2014-04-01",
            "scale": null,
            "properties": {
                "autoExecuteValue": "Disabled"
            },
            "dependsOn": [
                "[resourceId('Microsoft.Sql/servers', parameters('servers_bedego_name'))]",
                "[resourceId('Microsoft.Sql/servers/databases', parameters('servers_bedego_name'), parameters('databases_BedeGo_name'))]"
            ]
        },
        {
            "comments": "Generalized from resource: '/subscriptions/fef489e0-efac-42a3-83a8-fad642039ac4/resourceGroups/BedeHackathon2017/providers/Microsoft.Sql/servers/bedego/databases/BedeGo/advisors/DropIndex'.",
            "type": "Microsoft.Sql/servers/databases/advisors",
            "name": "[concat(parameters('servers_bedego_name'), '/', parameters('databases_BedeGo_name'), '/', parameters('advisors_DropIndex_name'))]",
            "apiVersion": "2014-04-01",
            "scale": null,
            "properties": {
                "autoExecuteValue": "Disabled"
            },
            "dependsOn": [
                "[resourceId('Microsoft.Sql/servers', parameters('servers_bedego_name'))]",
                "[resourceId('Microsoft.Sql/servers/databases', parameters('servers_bedego_name'), parameters('databases_BedeGo_name'))]"
            ]
        },
        {
            "comments": "Generalized from resource: '/subscriptions/fef489e0-efac-42a3-83a8-fad642039ac4/resourceGroups/BedeHackathon2017/providers/Microsoft.Sql/servers/bedego/databases/BedeGo/advisors/DbParameterization'.",
            "type": "Microsoft.Sql/servers/databases/advisors",
            "name": "[concat(parameters('servers_bedego_name'), '/', parameters('databases_BedeGo_name'), '/', parameters('advisors_DbParameterization_name'))]",
            "apiVersion": "2014-04-01",
            "scale": null,
            "properties": {
                "autoExecuteValue": "Disabled"
            },
            "dependsOn": [
                "[resourceId('Microsoft.Sql/servers', parameters('servers_bedego_name'))]",
                "[resourceId('Microsoft.Sql/servers/databases', parameters('servers_bedego_name'), parameters('databases_BedeGo_name'))]"
            ]
        },
        {
            "comments": "Generalized from resource: '/subscriptions/fef489e0-efac-42a3-83a8-fad642039ac4/resourceGroups/BedeHackathon2017/providers/Microsoft.Sql/servers/bedego/databases/BedeGo/advisors/SchemaIssue'.",
            "type": "Microsoft.Sql/servers/databases/advisors",
            "name": "[concat(parameters('servers_bedego_name'), '/', parameters('databases_BedeGo_name'), '/', parameters('advisors_SchemaIssue_name'))]",
            "apiVersion": "2014-04-01",
            "scale": null,
            "properties": {
                "autoExecuteValue": "Disabled"
            },
            "dependsOn": [
                "[resourceId('Microsoft.Sql/servers', parameters('servers_bedego_name'))]",
                "[resourceId('Microsoft.Sql/servers/databases', parameters('servers_bedego_name'), parameters('databases_BedeGo_name'))]"
            ]
        },
        {
            "comments": "Generalized from resource: '/subscriptions/fef489e0-efac-42a3-83a8-fad642039ac4/resourceGroups/BedeHackathon2017/providers/Microsoft.Sql/servers/bedego/databases/BedeGo/advisors/ForceLastGoodPlan'.",
            "type": "Microsoft.Sql/servers/databases/advisors",
            "name": "[concat(parameters('servers_bedego_name'), '/', parameters('databases_BedeGo_name'), '/', parameters('advisors_ForceLastGoodPlan_name'))]",
            "apiVersion": "2014-04-01",
            "scale": null,
            "properties": {
                "autoExecuteValue": "Disabled"
            },
            "dependsOn": [
                "[resourceId('Microsoft.Sql/servers', parameters('servers_bedego_name'))]",
                "[resourceId('Microsoft.Sql/servers/databases', parameters('servers_bedego_name'), parameters('databases_BedeGo_name'))]"
            ]
        },
        {
            "comments": "Generalized from resource: '/subscriptions/fef489e0-efac-42a3-83a8-fad642039ac4/resourceGroups/BedeHackathon2017/providers/Microsoft.Sql/servers/bedego/databases/BedeGo/auditingPolicies/Default'.",
            "type": "Microsoft.Sql/servers/databases/auditingPolicies",
            "name": "[concat(parameters('servers_bedego_name'), '/', parameters('databases_BedeGo_name'), '/', parameters('auditingPolicies_Default_name_1'))]",
            "apiVersion": "2014-04-01",
            "location": "West Europe",
            "scale": null,
            "properties": {
                "auditingState": "New",
                "eventTypesToAudit": "PlainSQL_Success,PlainSQL_Failure,ParameterizedSQL_Success,ParameterizedSQL_Failure,StoredProcedure_Success,StoredProcedure_Failure,Login_Success,Login_Failure,TransactionManagement_Success,TransactionManagement_Failure",
                "storageAccountName": null,
                "storageAccountKey": null,
                "storageAccountSecondaryKey": null,
                "storageTableEndpoint": null,
                "storageAccountResourceGroupName": null,
                "storageAccountSubscriptionId": null,
                "useServerDefault": "Enabled",
                "fullAuditLogsTableName": "SQLDBAuditLogsBedegoBedego",
                "auditLogsTableName": "BedegoBedego",
                "retentionDays": "0"
            },
            "dependsOn": [
                "[resourceId('Microsoft.Sql/servers', parameters('servers_bedego_name'))]",
                "[resourceId('Microsoft.Sql/servers/databases', parameters('servers_bedego_name'), parameters('databases_BedeGo_name'))]"
            ]
        },
        {
            "comments": "Generalized from resource: '/subscriptions/fef489e0-efac-42a3-83a8-fad642039ac4/resourceGroups/BedeHackathon2017/providers/Microsoft.Sql/servers/bedego/databases/BedeGo/backupLongTermRetentionPolicies/Default'.",
            "type": "Microsoft.Sql/servers/databases/backupLongTermRetentionPolicies",
            "name": "[concat(parameters('servers_bedego_name'), '/', parameters('databases_BedeGo_name'), '/', parameters('backupLongTermRetentionPolicies_Default_name'))]",
            "apiVersion": "2014-04-01",
            "location": "West Europe",
            "scale": null,
            "properties": {
                "state": "Disabled",
                "recoveryServicesBackupPolicyResourceId": null
            },
            "dependsOn": [
                "[resourceId('Microsoft.Sql/servers', parameters('servers_bedego_name'))]",
                "[resourceId('Microsoft.Sql/servers/databases', parameters('servers_bedego_name'), parameters('databases_BedeGo_name'))]"
            ]
        },
        {
            "comments": "Generalized from resource: '/subscriptions/fef489e0-efac-42a3-83a8-fad642039ac4/resourceGroups/BedeHackathon2017/providers/Microsoft.Sql/servers/bedego/databases/BedeGo/geoBackupPolicies/Default'.",
            "type": "Microsoft.Sql/servers/databases/geoBackupPolicies",
            "name": "[concat(parameters('servers_bedego_name'), '/', parameters('databases_BedeGo_name'), '/', parameters('geoBackupPolicies_Default_name'))]",
            "apiVersion": "2014-04-01",
            "location": "West Europe",
            "scale": null,
            "properties": {
                "state": "Enabled"
            },
            "dependsOn": [
                "[resourceId('Microsoft.Sql/servers', parameters('servers_bedego_name'))]",
                "[resourceId('Microsoft.Sql/servers/databases', parameters('servers_bedego_name'), parameters('databases_BedeGo_name'))]"
            ]
        },
        {
            "comments": "Generalized from resource: '/subscriptions/fef489e0-efac-42a3-83a8-fad642039ac4/resourceGroups/BedeHackathon2017/providers/Microsoft.Sql/servers/bedego/databases/BedeGo/transparentDataEncryption/current'.",
            "type": "Microsoft.Sql/servers/databases/transparentDataEncryption",
            "name": "[concat(parameters('servers_bedego_name'), '/', parameters('databases_BedeGo_name'), '/', parameters('transparentDataEncryption_current_name'))]",
            "apiVersion": "2014-04-01",
            "location": "West Europe",
            "scale": null,
            "properties": {
                "status": "Enabled"
            },
            "dependsOn": [
                "[resourceId('Microsoft.Sql/servers', parameters('servers_bedego_name'))]",
                "[resourceId('Microsoft.Sql/servers/databases', parameters('servers_bedego_name'), parameters('databases_BedeGo_name'))]"
            ]
        },
        {
            "comments": "Generalized from resource: '/subscriptions/fef489e0-efac-42a3-83a8-fad642039ac4/resourceGroups/BedeHackathon2017/providers/Microsoft.Web/sites/BedeGo/config/web'.",
            "type": "Microsoft.Web/sites/config",
            "name": "[concat(parameters('sites_BedeGo_name'), '/', parameters('config_web_name'))]",
            "apiVersion": "2016-08-01",
            "location": "Central US",
            "tags": {
                "hidden-related:/subscriptions/fef489e0-efac-42a3-83a8-fad642039ac4/resourceGroups/BedeHackathon2017/providers/Microsoft.Web/serverfarms/BedeGoHost20171207101701Plan": "empty"
            },
            "scale": null,
            "properties": {
                "numberOfWorkers": 1,
                "defaultDocuments": [
                    "Default.htm",
                    "Default.html",
                    "Default.asp",
                    "index.htm",
                    "index.html",
                    "iisstart.htm",
                    "default.aspx",
                    "index.php",
                    "hostingstart.html"
                ],
                "netFrameworkVersion": "v4.0",
                "phpVersion": "5.6",
                "pythonVersion": "",
                "nodeVersion": "",
                "linuxFxVersion": "",
                "requestTracingEnabled": false,
                "remoteDebuggingEnabled": false,
                "remoteDebuggingVersion": null,
                "httpLoggingEnabled": false,
                "logsDirectorySizeLimit": 35,
                "detailedErrorLoggingEnabled": false,
                "publishingUsername": "$BedeGo",
                "publishingPassword": null,
                "appSettings": null,
                "metadata": null,
                "connectionStrings": null,
                "machineKey": null,
                "handlerMappings": null,
                "documentRoot": null,
                "scmType": "None",
                "use32BitWorkerProcess": true,
                "webSocketsEnabled": false,
                "alwaysOn": false,
                "javaVersion": null,
                "javaContainer": null,
                "javaContainerVersion": null,
                "appCommandLine": "",
                "managedPipelineMode": "Integrated",
                "virtualApplications": [
                    {
                        "virtualPath": "/",
                        "physicalPath": "site\\wwwroot",
                        "preloadEnabled": false,
                        "virtualDirectories": null
                    }
                ],
                "winAuthAdminState": 0,
                "winAuthTenantState": 0,
                "customAppPoolIdentityAdminState": false,
                "customAppPoolIdentityTenantState": false,
                "runtimeADUser": null,
                "runtimeADUserPassword": null,
                "loadBalancing": "LeastRequests",
                "routingRules": [],
                "experiments": {
                    "rampUpRules": []
                },
                "limits": null,
                "autoHealEnabled": false,
                "autoHealRules": null,
                "tracingOptions": null,
                "vnetName": "",
                "siteAuthEnabled": false,
                "siteAuthSettings": {
                    "enabled": null,
                    "unauthenticatedClientAction": null,
                    "tokenStoreEnabled": null,
                    "allowedExternalRedirectUrls": null,
                    "defaultProvider": null,
                    "clientId": null,
                    "clientSecret": null,
                    "issuer": null,
                    "allowedAudiences": null,
                    "additionalLoginParams": null,
                    "isAadAutoProvisioned": false,
                    "googleClientId": null,
                    "googleClientSecret": null,
                    "googleOAuthScopes": null,
                    "facebookAppId": null,
                    "facebookAppSecret": null,
                    "facebookOAuthScopes": null,
                    "twitterConsumerKey": null,
                    "twitterConsumerSecret": null,
                    "microsoftAccountClientId": null,
                    "microsoftAccountClientSecret": null,
                    "microsoftAccountOAuthScopes": null
                },
                "cors": null,
                "push": null,
                "apiDefinition": {
                    "url": "[concat('https://bedego.azure', parameters('config_web_name'),'sites.net/swagger/docs/v1')]"
                },
                "autoSwapSlotName": null,
                "localMySqlEnabled": false,
                "ipSecurityRestrictions": null
            },
            "dependsOn": [
                "[resourceId('Microsoft.Web/sites', parameters('sites_BedeGo_name'))]"
            ]
        },
        {
            "comments": "Generalized from resource: '/subscriptions/fef489e0-efac-42a3-83a8-fad642039ac4/resourceGroups/BedeHackathon2017/providers/Microsoft.Web/sites/BedeGo/hostNameBindings/bedego.azurewebsites.net'.",
            "type": "Microsoft.Web/sites/hostNameBindings",
            "name": "[concat(parameters('sites_BedeGo_name'), '/', parameters('hostNameBindings_bedego.azurewebsites.net_name'))]",
            "apiVersion": "2016-08-01",
            "location": "Central US",
            "scale": null,
            "properties": {
                "siteName": "BedeGo",
                "domainId": null,
                "hostNameType": "Verified"
            },
            "dependsOn": [
                "[resourceId('Microsoft.Web/sites', parameters('sites_BedeGo_name'))]"
            ]
        }
    ]
}